"topology","n","edges","repetition","profiled_elapsed_seconds","allocated_mib","probability_evaluations","candidate_visits","component_checks","passes","max_degree","relaxations","degree_histogram","elapsed_seconds","peak_rss_mib","peak_rss_method","peak_rss_scope","seed","package_version","r_version","platform","commit","working_tree_dirty"
"dense90",256,29376,1,0.0880000000000001,9.91415405273438,29376,23294,260,1,2,0,"1:2;2:254",0.0890000000000004,204.49609375,"Linux fresh-worker OS maximum resident set size","whole fresh worker including R/package startup, fixture and unprofiled build",315,"1.6.0","R version 4.6.1 (2026-06-24)","x86_64-pc-linux-gnu","71ad2f163350bdcdddaa614f5316167d5398003e",FALSE
"dense90",256,29376,2,0.141,10.4823532104492,29376,23294,260,1,2,0,"1:2;2:254",0.0840000000000001,204.5546875,"Linux fresh-worker OS maximum resident set size","whole fresh worker including R/package startup, fixture and unprofiled build",315,"1.6.0","R version 4.6.1 (2026-06-24)","x86_64-pc-linux-gnu","71ad2f163350bdcdddaa614f5316167d5398003e",FALSE
"dense90",256,29376,3,0.0329999999999995,9.14960479736328,29376,23294,260,1,2,0,"1:2;2:254",0.0839999999999999,205.0546875,"Linux fresh-worker OS maximum resident set size","whole fresh worker including R/package startup, fixture and unprofiled build",315,"1.6.0","R version 4.6.1 (2026-06-24)","x86_64-pc-linux-gnu","71ad2f163350bdcdddaa614f5316167d5398003e",FALSE
"dense90",512,117734,1,0.120000000000001,36.5148620605469,117734,115598,519,1,2,0,"1:2;2:510",0.412,263.26171875,"Linux fresh-worker OS maximum resident set size","whole fresh worker including R/package startup, fixture and unprofiled build",315,"1.6.0","R version 4.6.1 (2026-06-24)","x86_64-pc-linux-gnu","71ad2f163350bdcdddaa614f5316167d5398003e",FALSE
"dense90",512,117734,2,0.122,36.5148620605469,117734,115598,519,1,2,0,"1:2;2:510",0.364,263.234375,"Linux fresh-worker OS maximum resident set size","whole fresh worker including R/package startup, fixture and unprofiled build",315,"1.6.0","R version 4.6.1 (2026-06-24)","x86_64-pc-linux-gnu","71ad2f163350bdcdddaa614f5316167d5398003e",FALSE
"dense90",512,117734,3,0.124000000000002,36.5148620605469,117734,115598,519,1,2,0,"1:2;2:510",0.392,262.87109375,"Linux fresh-worker OS maximum resident set size","whole fresh worker including R/package startup, fixture and unprofiled build",315,"1.6.0","R version 4.6.1 (2026-06-24)","x86_64-pc-linux-gnu","71ad2f163350bdcdddaa614f5316167d5398003e",FALSE
"dense90",1164,609179,1,0.911000000000001,188.57559967041,609179,598439,1174,1,2,0,"1:2;2:1162",1.99,311.17578125,"Linux fresh-worker OS maximum resident set size","whole fresh worker including R/package startup, fixture and unprofiled build",315,"1.6.0","R version 4.6.1 (2026-06-24)","x86_64-pc-linux-gnu","71ad2f163350bdcdddaa614f5316167d5398003e",FALSE
"dense90",1164,609179,2,0.777999999999999,188.57559967041,609179,598439,1174,1,2,0,"1:2;2:1162",2.437,310.33984375,"Linux fresh-worker OS maximum resident set size","whole fresh worker including R/package startup, fixture and unprofiled build",315,"1.6.0","R version 4.6.1 (2026-06-24)","x86_64-pc-linux-gnu","71ad2f163350bdcdddaa614f5316167d5398003e",FALSE
"dense90",1164,609179,3,0.832000000000001,188.57559967041,609179,598439,1174,1,2,0,"1:2;2:1162",3.427,311.015625,"Linux fresh-worker OS maximum resident set size","whole fresh worker including R/package startup, fixture and unprofiled build",315,"1.6.0","R version 4.6.1 (2026-06-24)","x86_64-pc-linux-gnu","71ad2f163350bdcdddaa614f5316167d5398003e",FALSE
"dense99",256,32313,1,0.0359999999999943,10.0571441650391,32313,16721,257,1,2,0,"1:2;2:254",0.093,205.27734375,"Linux fresh-worker OS maximum resident set size","whole fresh worker including R/package startup, fixture and unprofiled build",315,"1.6.0","R version 4.6.1 (2026-06-24)","x86_64-pc-linux-gnu","71ad2f163350bdcdddaa614f5316167d5398003e",FALSE
"dense99",256,32313,2,0.0360000000000014,10.0571441650391,32313,16721,257,1,2,0,"1:2;2:254",0.089,205.56640625,"Linux fresh-worker OS maximum resident set size","whole fresh worker including R/package startup, fixture and unprofiled build",315,"1.6.0","R version 4.6.1 (2026-06-24)","x86_64-pc-linux-gnu","71ad2f163350bdcdddaa614f5316167d5398003e",FALSE
"dense99",256,32313,3,0.0360000000000014,10.0571441650391,32313,16721,257,1,2,0,"1:2;2:254",0.0949999999999998,204.70703125,"Linux fresh-worker OS maximum resident set size","whole fresh worker including R/package startup, fixture and unprofiled build",315,"1.6.0","R version 4.6.1 (2026-06-24)","x86_64-pc-linux-gnu","71ad2f163350bdcdddaa614f5316167d5398003e",FALSE
"dense99",512,129507,1,0.145000000000003,40.1526412963867,129507,126994,517,1,2,0,"1:2;2:510",0.563000000000001,267.04296875,"Linux fresh-worker OS maximum resident set size","whole fresh worker including R/package startup, fixture and unprofiled build",315,"1.6.0","R version 4.6.1 (2026-06-24)","x86_64-pc-linux-gnu","71ad2f163350bdcdddaa614f5316167d5398003e",FALSE
"dense99",512,129507,2,0.155999999999999,40.1526412963867,129507,126994,517,1,2,0,"1:2;2:510",0.502,267.4140625,"Linux fresh-worker OS maximum resident set size","whole fresh worker including R/package startup, fixture and unprofiled build",315,"1.6.0","R version 4.6.1 (2026-06-24)","x86_64-pc-linux-gnu","71ad2f163350bdcdddaa614f5316167d5398003e",FALSE
"dense99",512,129507,3,0.179000000000002,40.1526412963867,129507,126994,517,1,2,0,"1:2;2:510",0.535,266.87890625,"Linux fresh-worker OS maximum resident set size","whole fresh worker including R/package startup, fixture and unprofiled build",315,"1.6.0","R version 4.6.1 (2026-06-24)","x86_64-pc-linux-gnu","71ad2f163350bdcdddaa614f5316167d5398003e",FALSE
"dense99",1164,670097,1,1.358,207.398681640625,670097,656563,1174,1,2,0,"1:2;2:1162",4.289,309.39453125,"Linux fresh-worker OS maximum resident set size","whole fresh worker including R/package startup, fixture and unprofiled build",315,"1.6.0","R version 4.6.1 (2026-06-24)","x86_64-pc-linux-gnu","71ad2f163350bdcdddaa614f5316167d5398003e",FALSE
"dense99",1164,670097,2,1.488,207.398681640625,670097,656563,1174,1,2,0,"1:2;2:1162",4.339,309.2421875,"Linux fresh-worker OS maximum resident set size","whole fresh worker including R/package startup, fixture and unprofiled build",315,"1.6.0","R version 4.6.1 (2026-06-24)","x86_64-pc-linux-gnu","71ad2f163350bdcdddaa614f5316167d5398003e",FALSE
"dense99",1164,670097,3,0.999000000000009,207.398681640625,670097,656563,1174,1,2,0,"1:2;2:1162",4.158,309.09375,"Linux fresh-worker OS maximum resident set size","whole fresh worker including R/package startup, fixture and unprofiled build",315,"1.6.0","R version 4.6.1 (2026-06-24)","x86_64-pc-linux-gnu","71ad2f163350bdcdddaa614f5316167d5398003e",FALSE
"path",1164,1163,1,0.0109999999999957,0.704444885253906,1163,1163,1163,1,2,0,"1:2;2:1162",0.0350000000000001,183.171875,"Linux fresh-worker OS maximum resident set size","whole fresh worker including R/package startup, fixture and unprofiled build",315,"1.6.0","R version 4.6.1 (2026-06-24)","x86_64-pc-linux-gnu","71ad2f163350bdcdddaa614f5316167d5398003e",FALSE
"path",1164,1163,2,0.0100000000000051,0.704444885253906,1163,1163,1163,1,2,0,"1:2;2:1162",0.032,183.75,"Linux fresh-worker OS maximum resident set size","whole fresh worker including R/package startup, fixture and unprofiled build",315,"1.6.0","R version 4.6.1 (2026-06-24)","x86_64-pc-linux-gnu","71ad2f163350bdcdddaa614f5316167d5398003e",FALSE
"path",1164,1163,3,0.00900000000000034,0.704444885253906,1163,1163,1163,1,2,0,"1:2;2:1162",0.0329999999999999,183.3984375,"Linux fresh-worker OS maximum resident set size","whole fresh worker including R/package startup, fixture and unprofiled build",315,"1.6.0","R version 4.6.1 (2026-06-24)","x86_64-pc-linux-gnu","71ad2f163350bdcdddaa614f5316167d5398003e",FALSE
"hub",1164,1163,1,0.0320000000000107,0.83380126953125,1163,10747,1163,11,1163,10,"1:1163;1163:1",0.0939999999999999,183.359375,"Linux fresh-worker OS maximum resident set size","whole fresh worker including R/package startup, fixture and unprofiled build",315,"1.6.0","R version 4.6.1 (2026-06-24)","x86_64-pc-linux-gnu","71ad2f163350bdcdddaa614f5316167d5398003e",FALSE
"hub",1164,1163,2,0.0260000000000105,0.83380126953125,1163,10747,1163,11,1163,10,"1:1163;1163:1",0.0880000000000001,183.08984375,"Linux fresh-worker OS maximum resident set size","whole fresh worker including R/package startup, fixture and unprofiled build",315,"1.6.0","R version 4.6.1 (2026-06-24)","x86_64-pc-linux-gnu","71ad2f163350bdcdddaa614f5316167d5398003e",FALSE
"hub",1164,1163,3,0.0310000000000059,0.83380126953125,1163,10747,1163,11,1163,10,"1:1163;1163:1",0.0959999999999996,182.7890625,"Linux fresh-worker OS maximum resident set size","whole fresh worker including R/package startup, fixture and unprofiled build",315,"1.6.0","R version 4.6.1 (2026-06-24)","x86_64-pc-linux-gnu","71ad2f163350bdcdddaa614f5316167d5398003e",FALSE
