"filename","functions","line","value"
"R/warm_start_coefficients.R",".warm_start_ensemble_coefficients",129,0
"R/warm_start_cv_plan.R","make_warm_start_cv_plan",40,0
"R/warm_start_cv_plan.R",".validate_warm_start_plan_split",83,0
"R/warm_start_cv_plan.R",".validate_warm_start_cv_plan",102,0
"R/warm_start_cv.R",".warm_start_train_cv",284,0
"R/warm_start_engine.R",".warm_start_engine_control",6,0
"R/warm_start_engine.R",".warm_start_engine_predict",52,0
"R/warm_start_ensemble.R",".validate_warm_start_ensemble",118,0
"R/warm_start_ensemble.R",".validate_warm_start_ensemble",140,0
"R/warm_start_model_registry.R",".warm_start_canonical_path",124,0
"R/warm_start_model_registry.R",".warm_start_within",130,0
"R/warm_start_model_registry.R",".warm_start_within",131,0
"R/warm_start_pls_validation.R",".validate_warm_start_pls_reduced",121,0
"R/warm_start_pls_validation.R",".validate_warm_start_pls_reduced",125,0
"R/warm_start_pls.R",".warm_start_pls_tune",118,0
"R/warm_start_svr_validation.R",".validate_warm_start_svr_tuning",11,0
"R/warm_start_svr_validation.R",".validate_warm_start_svr_tuning",16,0
"R/warm_start_svr_validation.R",".validate_warm_start_svr_tuning",23,0
