"n","strategy","distribution","workload","implementation","allocated_bytes","allocation_count"
57,"trueskill_p50","cold","scoring","scalar",213744,617
57,"trueskill_p50","cold","scoring","vectorized",9424,24
57,"trueskill_p50","cold","selection","scalar",670520,1100
57,"trueskill_p50","cold","selection","vectorized",466200,507
57,"trueskill_pollitt","cold","scoring","scalar",213744,617
57,"trueskill_pollitt","cold","scoring","vectorized",9424,24
57,"trueskill_pollitt","cold","selection","scalar",672008,1103
57,"trueskill_pollitt","cold","selection","vectorized",467688,510
57,"trueskill_p50","heterogeneous","scoring","scalar",213744,617
57,"trueskill_p50","heterogeneous","scoring","vectorized",9424,24
57,"trueskill_p50","heterogeneous","selection","scalar",670520,1100
57,"trueskill_p50","heterogeneous","selection","vectorized",466200,507
57,"trueskill_pollitt","heterogeneous","scoring","scalar",213744,617
57,"trueskill_pollitt","heterogeneous","scoring","vectorized",9424,24
57,"trueskill_pollitt","heterogeneous","selection","scalar",672008,1103
57,"trueskill_pollitt","heterogeneous","selection","vectorized",467688,510
91,"trueskill_p50","cold","scoring","scalar",536448,991
91,"trueskill_p50","cold","scoring","vectorized",14032,23
91,"trueskill_p50","cold","selection","scalar",1022488,1474
91,"trueskill_p50","cold","selection","vectorized",500072,506
91,"trueskill_pollitt","cold","scoring","scalar",536448,991
91,"trueskill_pollitt","cold","scoring","vectorized",14032,23
91,"trueskill_pollitt","cold","selection","scalar",1024024,1476
91,"trueskill_pollitt","cold","selection","vectorized",501608,508
91,"trueskill_p50","heterogeneous","scoring","scalar",536448,991
91,"trueskill_p50","heterogeneous","scoring","vectorized",14032,23
91,"trueskill_p50","heterogeneous","selection","scalar",1022488,1474
91,"trueskill_p50","heterogeneous","selection","vectorized",500072,506
91,"trueskill_pollitt","heterogeneous","scoring","scalar",536448,991
91,"trueskill_pollitt","heterogeneous","scoring","vectorized",14032,23
91,"trueskill_pollitt","heterogeneous","selection","scalar",1024024,1476
91,"trueskill_pollitt","heterogeneous","selection","vectorized",501608,508
229,"trueskill_p50","cold","scoring","scalar",3102672,2509
229,"trueskill_p50","cold","scoring","vectorized",32640,23
229,"trueskill_p50","cold","selection","scalar",3694840,2992
229,"trueskill_p50","cold","selection","vectorized",624808,506
229,"trueskill_pollitt","cold","scoring","scalar",3102672,2509
229,"trueskill_pollitt","cold","scoring","vectorized",32640,23
229,"trueskill_pollitt","cold","selection","scalar",3698584,2994
229,"trueskill_pollitt","cold","selection","vectorized",628552,508
229,"trueskill_p50","heterogeneous","scoring","scalar",3102672,2509
229,"trueskill_p50","heterogeneous","scoring","vectorized",32640,23
229,"trueskill_p50","heterogeneous","selection","scalar",3694840,2992
229,"trueskill_p50","heterogeneous","selection","vectorized",624808,506
229,"trueskill_pollitt","heterogeneous","scoring","scalar",3102672,2509
229,"trueskill_pollitt","heterogeneous","scoring","vectorized",32640,23
229,"trueskill_pollitt","heterogeneous","selection","scalar",3698584,2994
229,"trueskill_pollitt","heterogeneous","selection","vectorized",628552,508
