"n","strategy","distribution","workload","scalar_median_seconds","vectorized_median_seconds","scalar_iqr_seconds","vectorized_iqr_seconds","speedup","saved_seconds"
57,"trueskill_p50","cold","scoring",0.002008851,3.8525e-05,0.00010623075,4.725e-06,52.1440882543803,0.001970326
91,"trueskill_p50","cold","scoring",0.003403712,4.215e-05,0.000143855,6.67500000000001e-06,80.7523606168446,0.003361562
229,"trueskill_p50","cold","scoring",0.009544401,5.679e-05,0.0014258985,6.27e-06,168.064817749604,0.009487611
57,"trueskill_pollitt","cold","scoring",0.0020323265,3.89155e-05,0.000235845,7.7925e-06,52.2240880882939,0.001993411
91,"trueskill_pollitt","cold","scoring",0.003380687,4.2245e-05,0.0001490025,4.535e-06,80.0257308557226,0.003338442
229,"trueskill_pollitt","cold","scoring",0.009495176,5.516e-05,0.001432813,6.6225e-06,172.138796229152,0.009440016
57,"trueskill_p50","heterogeneous","scoring",0.002019851,3.8895e-05,8.96525000000001e-05,3.42e-06,51.9308651497622,0.001980956
91,"trueskill_p50","heterogeneous","scoring",0.003349332,4.306e-05,0.00016691,5.3525e-06,77.7829075708314,0.003306272
229,"trueskill_p50","heterogeneous","scoring",0.009412751,5.931e-05,0.00161703575,6.29500000000001e-06,158.704282583038,0.009353441
57,"trueskill_pollitt","heterogeneous","scoring",0.002015581,3.9695e-05,8.57484999999998e-05,5.8825e-06,50.7766973170424,0.001975886
91,"trueskill_pollitt","heterogeneous","scoring",0.003357847,4.3925e-05,0.000149048,6.18749999999999e-06,76.4450085372794,0.003313922
229,"trueskill_pollitt","heterogeneous","scoring",0.009479011,5.8955e-05,0.00173181275,6.57750000000001e-06,160.783835128488,0.009420056
57,"trueskill_p50","cold","selection",0.0058400535,0.0035390175,0.000762398499999999,0.0002349945,1.6501906249404,0.002301036
91,"trueskill_p50","cold","selection",0.0075331845,0.0035771675,0.00180652025,0.00058414975,2.1059076769539,0.003956017
229,"trueskill_p50","cold","selection",0.0140784135,0.0037330075,0.00211928675,0.00014194975,3.77133276587309,0.010345406
57,"trueskill_pollitt","cold","selection",0.0057501435,0.0035865025,0.00024599525,0.000117035,1.60327324461645,0.002163641
91,"trueskill_pollitt","cold","selection",0.007149515,0.003583807,0.00102904325,0.0002124965,1.99494978384718,0.003565708
229,"trueskill_pollitt","cold","selection",0.0139833085,0.0037298475,0.00211726375,9.09869999999998e-05,3.7490295514763,0.010253461
57,"trueskill_p50","heterogeneous","selection",0.005695833,0.003529432,0.00033883575,9.96075e-05,1.61381009748877,0.002166401
91,"trueskill_p50","heterogeneous","selection",0.0071495295,0.0035533675,0.001048276,0.0002417225,2.01204336449861,0.003596162
229,"trueskill_p50","heterogeneous","selection",0.014407614,0.003744797,0.0026372835,0.0003919505,3.84736849554195,0.010662817
57,"trueskill_pollitt","heterogeneous","selection",0.005733378,0.003549692,0.000210003249999999,0.0001213995,1.61517618993423,0.002183686
91,"trueskill_pollitt","heterogeneous","selection",0.007161135,0.003597787,0.00067579825,0.00010817,1.99042772682207,0.003563348
229,"trueskill_pollitt","heterogeneous","selection",0.014217214,0.0037729075,0.002158321,0.00013323225,3.76823815585195,0.0104443065
57,"trueskill_p50","cold","trajectory",5.588,5.379,0.0559999999999974,0.0255000000000001,1.03885480572597,0.208999999999996
91,"trueskill_p50","cold","trajectory",8.93800000000002,8.50899999999999,0.0369999999999919,0.028499999999994,1.05041720531203,0.42900000000003
229,"trueskill_p50","cold","trajectory",24.944,22.179,0.12299999999999,0.00900000000001455,1.12466747824519,2.76500000000004
57,"trueskill_pollitt","cold","trajectory",5.58000000000001,5.379,0.0589999999999975,0.0165000000000042,1.03736754043503,0.201000000000001
91,"trueskill_pollitt","cold","trajectory",8.869,8.52699999999999,0.0395000000000181,0.0195000000000078,1.04010789257652,0.342000000000013
229,"trueskill_pollitt","cold","trajectory",24.895,22.215,0.0125000000000455,0.0399999999999636,1.12063920774251,2.67999999999995
57,"trueskill_p50","heterogeneous","trajectory",5.434,5.30199999999999,0.0569999999999951,0.0404999999999944,1.02489626556017,0.132000000000005
91,"trueskill_p50","heterogeneous","trajectory",8.93399999999997,8.512,0.0304999999999893,0.0459999999999923,1.04957706766917,0.421999999999969
229,"trueskill_p50","heterogeneous","trajectory",24.849,22.23,0.00900000000001455,0.00599999999997181,1.11781376518219,2.61900000000003
57,"trueskill_pollitt","heterogeneous","trajectory",5.423,5.28399999999999,0.039999999999992,0.0305000000000035,1.02630582891749,0.13900000000001
91,"trueskill_pollitt","heterogeneous","trajectory",8.85900000000004,8.53500000000003,0.0434999999999945,0.0255000000000223,1.03796133567663,0.324000000000012
229,"trueskill_pollitt","heterogeneous","trajectory",24.8579999999999,22.234,0.069500000000005,0.0535000000000423,1.1180174507511,2.62399999999991
