schema,position,feature,source_package,source_version,component,upstream_field,family,type,unit,interpretation,configuration,definition,requirements,missing_behavior,source_url
writing_features_v1,1,n_tokens,textdescriptives,2.8.4,descriptive_stats,n_tokens,length_productivity,integer,tokens,Larger means more filtered tokens; not strictly a word count,spacy=3.7.5; model=en_core_web_lg@3.7.1; default model pipeline; input text unchanged,F = spaCy tokens with is_punct false and no ASCII apostrophe anywhere in token.text; whitespace tokens remain; len(F),English tokenizer,0 when F is empty,https://hlasse.github.io/TextDescriptives/_modules/textdescriptives/components/descriptive_stats.html
writing_features_v1,2,proportion_unique_tokens,textdescriptives,2.8.4,descriptive_stats,proportion_unique_tokens,lexical_diversity,double,proportion,Larger means more distinct lowercased forms per filtered token; length-sensitive,spacy=3.7.5; model=en_core_web_lg@3.7.1; default model pipeline; input text unchanged,F = spaCy tokens with is_punct false and no ASCII apostrophe anywhere in token.text; whitespace tokens remain; number of distinct token.lower_ / len(F),English tokenizer,NA when F is empty,https://hlasse.github.io/TextDescriptives/_modules/textdescriptives/components/descriptive_stats.html
writing_features_v1,3,token_length_mean,textdescriptives,2.8.4,descriptive_stats,token_length_mean,lexical_surface_complexity,double,characters per token,Larger means longer filtered tokens,spacy=3.7.5; model=en_core_web_lg@3.7.1; default model pipeline; input text unchanged,F = spaCy tokens with is_punct false and no ASCII apostrophe anywhere in token.text; whitespace tokens remain; mean of len(token),English tokenizer,NA when F is empty; one token has SD 0,https://hlasse.github.io/TextDescriptives/_modules/textdescriptives/components/descriptive_stats.html
writing_features_v1,4,token_length_std,textdescriptives,2.8.4,descriptive_stats,token_length_std,lexical_surface_complexity,double,characters,Larger means greater variation in filtered token length,spacy=3.7.5; model=en_core_web_lg@3.7.1; default model pipeline; input text unchanged,F = spaCy tokens with is_punct false and no ASCII apostrophe anywhere in token.text; whitespace tokens remain; population SD (ddof=0) of len(token),English tokenizer,NA when F is empty; one token has SD 0,https://hlasse.github.io/TextDescriptives/_modules/textdescriptives/components/descriptive_stats.html
writing_features_v1,5,sentence_length_mean,textdescriptives,2.8.4,descriptive_stats,sentence_length_mean,sentence_syntactic_complexity,double,tokens per sentence,Larger means longer sentences,spacy=3.7.5; model=en_core_web_lg@3.7.1; default model pipeline; input text unchanged,F = spaCy tokens with is_punct false and no ASCII apostrophe anywhere in token.text; whitespace tokens remain; mean of len(F within sentence) across doc.sents,English tokenizer; SENT_START from model parser,NA when no sentences; a punctuation-only sentence has length 0; one sentence has SD 0,https://hlasse.github.io/TextDescriptives/_modules/textdescriptives/components/descriptive_stats.html
writing_features_v1,6,sentence_length_std,textdescriptives,2.8.4,descriptive_stats,sentence_length_std,sentence_syntactic_complexity,double,tokens,Larger means greater sentence-length variation,spacy=3.7.5; model=en_core_web_lg@3.7.1; default model pipeline; input text unchanged,F = spaCy tokens with is_punct false and no ASCII apostrophe anywhere in token.text; whitespace tokens remain; population SD (ddof=0) of len(F within sentence) across doc.sents,English tokenizer; SENT_START from model parser,NA when no sentences; a punctuation-only sentence has length 0; one sentence has SD 0,https://hlasse.github.io/TextDescriptives/_modules/textdescriptives/components/descriptive_stats.html
writing_features_v1,7,pos_prop_noun,textdescriptives,2.8.4,pos_proportions,pos_prop_NOUN,pos_composition,double,proportion,Larger means a larger share of NOUN tokens; no universal quality direction,spacy=3.7.5; model=en_core_web_lg@3.7.1; default model pipeline; input text unchanged; use_pos=True; add_all_tags=True,Count token.pos_ == NOUN divided by len(doc); denominator includes punctuation and whitespace,English tokenizer; POS from model tagger and attribute_ruler,NA for zero tokens; absent category is a valid 0 when annotations exist,https://hlasse.github.io/TextDescriptives/_modules/textdescriptives/components/pos_proportions.html
writing_features_v1,8,pos_prop_verb,textdescriptives,2.8.4,pos_proportions,pos_prop_VERB,pos_composition,double,proportion,Larger means a larger share of VERB tokens; no universal quality direction,spacy=3.7.5; model=en_core_web_lg@3.7.1; default model pipeline; input text unchanged; use_pos=True; add_all_tags=True,Count token.pos_ == VERB divided by len(doc); denominator includes punctuation and whitespace,English tokenizer; POS from model tagger and attribute_ruler,NA for zero tokens; absent category is a valid 0 when annotations exist,https://hlasse.github.io/TextDescriptives/_modules/textdescriptives/components/pos_proportions.html
writing_features_v1,9,pos_prop_adj,textdescriptives,2.8.4,pos_proportions,pos_prop_ADJ,pos_composition,double,proportion,Larger means a larger share of ADJ tokens; no universal quality direction,spacy=3.7.5; model=en_core_web_lg@3.7.1; default model pipeline; input text unchanged; use_pos=True; add_all_tags=True,Count token.pos_ == ADJ divided by len(doc); denominator includes punctuation and whitespace,English tokenizer; POS from model tagger and attribute_ruler,NA for zero tokens; absent category is a valid 0 when annotations exist,https://hlasse.github.io/TextDescriptives/_modules/textdescriptives/components/pos_proportions.html
writing_features_v1,10,pos_prop_adv,textdescriptives,2.8.4,pos_proportions,pos_prop_ADV,pos_composition,double,proportion,Larger means a larger share of ADV tokens; no universal quality direction,spacy=3.7.5; model=en_core_web_lg@3.7.1; default model pipeline; input text unchanged; use_pos=True; add_all_tags=True,Count token.pos_ == ADV divided by len(doc); denominator includes punctuation and whitespace,English tokenizer; POS from model tagger and attribute_ruler,NA for zero tokens; absent category is a valid 0 when annotations exist,https://hlasse.github.io/TextDescriptives/_modules/textdescriptives/components/pos_proportions.html
writing_features_v1,11,pos_prop_pron,textdescriptives,2.8.4,pos_proportions,pos_prop_PRON,pos_composition,double,proportion,Larger means a larger share of PRON tokens; no universal quality direction,spacy=3.7.5; model=en_core_web_lg@3.7.1; default model pipeline; input text unchanged; use_pos=True; add_all_tags=True,Count token.pos_ == PRON divided by len(doc); denominator includes punctuation and whitespace,English tokenizer; POS from model tagger and attribute_ruler,NA for zero tokens; absent category is a valid 0 when annotations exist,https://hlasse.github.io/TextDescriptives/_modules/textdescriptives/components/pos_proportions.html
writing_features_v1,12,pos_prop_adp,textdescriptives,2.8.4,pos_proportions,pos_prop_ADP,pos_composition,double,proportion,Larger means a larger share of ADP tokens; no universal quality direction,spacy=3.7.5; model=en_core_web_lg@3.7.1; default model pipeline; input text unchanged; use_pos=True; add_all_tags=True,Count token.pos_ == ADP divided by len(doc); denominator includes punctuation and whitespace,English tokenizer; POS from model tagger and attribute_ruler,NA for zero tokens; absent category is a valid 0 when annotations exist,https://hlasse.github.io/TextDescriptives/_modules/textdescriptives/components/pos_proportions.html
writing_features_v1,13,pos_prop_cconj,textdescriptives,2.8.4,pos_proportions,pos_prop_CCONJ,pos_composition,double,proportion,Larger means a larger share of CCONJ tokens; no universal quality direction,spacy=3.7.5; model=en_core_web_lg@3.7.1; default model pipeline; input text unchanged; use_pos=True; add_all_tags=True,Count token.pos_ == CCONJ divided by len(doc); denominator includes punctuation and whitespace,English tokenizer; POS from model tagger and attribute_ruler,NA for zero tokens; absent category is a valid 0 when annotations exist,https://hlasse.github.io/TextDescriptives/_modules/textdescriptives/components/pos_proportions.html
writing_features_v1,14,pos_prop_sconj,textdescriptives,2.8.4,pos_proportions,pos_prop_SCONJ,pos_composition,double,proportion,Larger means a larger share of SCONJ tokens; no universal quality direction,spacy=3.7.5; model=en_core_web_lg@3.7.1; default model pipeline; input text unchanged; use_pos=True; add_all_tags=True,Count token.pos_ == SCONJ divided by len(doc); denominator includes punctuation and whitespace,English tokenizer; POS from model tagger and attribute_ruler,NA for zero tokens; absent category is a valid 0 when annotations exist,https://hlasse.github.io/TextDescriptives/_modules/textdescriptives/components/pos_proportions.html
writing_features_v1,15,dependency_distance_mean,textdescriptives,2.8.4,dependency_distance,dependency_distance_mean,dependency_characteristics,double,token positions,Larger means more distant heads on average,spacy=3.7.5; model=en_core_web_lg@3.7.1; default model pipeline; input text unchanged,For each token distance=0 at ROOT else abs(token.head.i-token.i); include all tokens including ROOT and punctuation; mean across sentence mean distances; sentences weighted equally,English tokenizer; DEP and SENT_START from model parser,NA for zero tokens; one sentence has between-sentence SD 0,https://hlasse.github.io/TextDescriptives/_modules/textdescriptives/components/dependency_distance.html
writing_features_v1,16,dependency_distance_std,textdescriptives,2.8.4,dependency_distance,dependency_distance_std,dependency_characteristics,double,token positions,Larger means greater between-sentence variation in mean dependency distance,spacy=3.7.5; model=en_core_web_lg@3.7.1; default model pipeline; input text unchanged,For each token distance=0 at ROOT else abs(token.head.i-token.i); include all tokens including ROOT and punctuation; population SD (ddof=0) across sentence mean distances; sentences weighted equally,English tokenizer; DEP and SENT_START from model parser,NA for zero tokens; one sentence has between-sentence SD 0,https://hlasse.github.io/TextDescriptives/_modules/textdescriptives/components/dependency_distance.html
writing_features_v1,17,prop_adjacent_dependency_relation_mean,textdescriptives,2.8.4,dependency_distance,prop_adjacent_dependency_relation_mean,dependency_characteristics,double,proportion,Larger means more adjacent dependencies,spacy=3.7.5; model=en_core_web_lg@3.7.1; default model pipeline; input text unchanged,For each token distance=0 at ROOT else abs(token.head.i-token.i); include all tokens including ROOT and punctuation; mean across sentences of proportion of tokens with distance==1,English tokenizer; DEP and SENT_START from model parser,NA for zero tokens; one sentence has between-sentence SD 0,https://hlasse.github.io/TextDescriptives/_modules/textdescriptives/components/dependency_distance.html
writing_features_v1,18,upstream_entropy_per_token,textdescriptives,2.8.4,information_theory,entropy,information_theory,double,upstream weighted contribution per spaCy token,Average upstream contribution; length-normalized but not Shannon entropy or cross-entropy; no universal quality direction,spacy=3.7.5; model=en_core_web_lg@3.7.1; default model pipeline; input text unchanged; textdescriptives/information_theory loads English lexeme_prob; no custom lexeme_settings,doc._.entropy / len(doc) = -sum(exp(token.prob)*token.prob for token in doc) / len(doc); all spaCy tokens; no additional log-base conversion,English tokenizer; lexeme_prob table from spacy-lookups-data=1.0.5; model default lexeme_settings absent so OOV token.prob=-20.0,"NA for zero tokens; unavailable lexeme_prob is an environment error, not permitted all-NA output",https://hlasse.github.io/TextDescriptives/_modules/textdescriptives/components/information_theory.html
writing_features_v1,19,first_order_coherence,textdescriptives,2.8.4,coherence,first_order_coherence,semantic_coherence,double,cosine similarity,Larger means adjacent sentence vectors are more similar; repetition can also raise similarity,spacy=3.7.5; model=en_core_web_lg@3.7.1; default model pipeline; input text unchanged,"Mean of sentence.similarity(next_sentence) across adjacent doc.sents, using upstream nanmean for multiple pairs; retain upstream zero-vector behavior",English tokenizer; SENT_START; static 300-dimensional vectors from en_core_web_lg=3.7.1,NA for fewer than 2 sentences; zero-vector comparisons may return 0 (or 1 for identical token sequences) with spaCy warnings; absent model vectors is an environment error,https://hlasse.github.io/TextDescriptives/_modules/textdescriptives/components/coherence.html
writing_features_v1,20,dale_chall_readability_score,textstat,0.7.13,metrics,dale_chall_readability_score,readability,double,Dale-Chall score,Larger means harder reading under the textstat English familiar-word formula; not a writing-quality score,textstat instance; lang=en_US; default rounding disabled; unmodified text; default punctuation/apostrophe handling,Let D = 100 * difficult word occurrences / word count; score = 0.1579*D + 0.0496*words_per_sentence + correction; correction=3.6365 if D>5 else 0; difficult threshold=0; textstat tokenization and easy-word list; inflections and proper names receive no special exemption,textstat English easy-word list; preinstalled NLTK CMUdict; Pyphen=0.18.1 English dictionary; no spaCy annotations,0 when textstat word count is 0; missing CMUdict/easy-word resources is an environment error,https://pypi.org/project/textstat/0.7.13/
